{"version":1,"hash":{"type":"Buffer","data":"uVAwwX9PX/MARMODZOX++6+v/qLWSC9eJ58483cGndMmQTXTEP7gx02qsJD/K72eiCY2M742+BFZtF3SHJm38oDeqpJnbHtF5CpvmyRP/tNfcgwimIpl9zGMv6CJN8GBEiXYMR+E0BbjVpbrlrCQ/7BO8A6JGxnjW8cRm+jACpg="},"indexValueMap":{"Dtqy1jfaMhZtdyjpOaRf4wcPCx/X9lqpzqMdF5/t9ZQ=":{"valueMac":{"type":"Buffer","data":"DK9C4NmXDyv8oeh9Z44Vrg8yu+suQTAGMxsk7IR7MvU="}},"EOIol78ASp1c7elkv9IgQsP37ImWGdTJhfPh6jpT4Vw=":{"valueMac":{"type":"Buffer","data":"Pte0C0OWsT6BJWxrVL1OOS1afbx85L0kUN9HFQUIZ04="}},"Gx4J0X/1ntW9G9zbLWEdz7AU2jUvfvw0ykzUVujgM/0=":{"valueMac":{"type":"Buffer","data":"SrRF/d3wf9sDFPrLgoTtHkjThUAozBHpVBYgcTa/xGc="}},"IsFiRDr91vlpVzetdh1DQEoBwpOR3CP5PDL0Q8c+a3s=":{"valueMac":{"type":"Buffer","data":"1V0T0gptB7P4gij7DNxDk6+JcitPh/ldMQJepNM3QFk="}},"I5JCuwxvyS0189Jc4ZpAKdcBl7+Gb3d0+wb9Hn26zIY=":{"valueMac":{"type":"Buffer","data":"QbMUxNQi+mTUZ36SScWEouBJRAXAFxpUn1VxYnZbP7Y="}},"NWRf2OCAKsqM5xPII+YwX14vAB8fzVFbGRQh8d4o0hc=":{"valueMac":{"type":"Buffer","data":"1hBwZWeN/MExdcZ6oQS7p+zjZ3nPUIATyol1q00ly2o="}},"UeJwjv6Za36OwIuwRNvAVsREnkWyKCw0WWFcJCn3OvY=":{"valueMac":{"type":"Buffer","data":"3m1kX5CScPk3tJf4cZbkjqdh1ohDa2VvAJxc6CkgM+E="}},"VM6sjOwsvAHqNDGXiNTuOE6ctZ7oFNVV5EcfPZxI0oo=":{"valueMac":{"type":"Buffer","data":"ooT94QU8vWv580hHp/5IKzB+w7NGJAkGxn2d5PIZtsM="}},"XIL61JUJF85Jbkx60TvZO8Kg483EvGd4smDtz5/Ku1E=":{"valueMac":{"type":"Buffer","data":"1CgcmBwFClis7YSvI8UDjx09XROD8a85pR0nSaNRShA="}},"YqlNcM3GuwIb9E5No7G8n9sIsZdCUwdbMoR/r/F2Hes=":{"valueMac":{"type":"Buffer","data":"kt7AiHzqFUbOhpLq8MtOIMRCAuKCXGt+dBnXV+/gFFo="}},"Y5jFIYC+cyrnLaeyI9vrXXgxLiTomluv3/gX+Kj9tMs=":{"valueMac":{"type":"Buffer","data":"qkpW+hWwQ23P0woJMiCDfdZYKWUuuMpvBsINuTRE78k="}},"bcU5WKEzZNnrTN0ITjjAR7tIXPKZs05jICz/olTb7Sw=":{"valueMac":{"type":"Buffer","data":"fjWxIKyZOraQsQBuEu6cXfgljbQPUk9bIcszxT7ptXM="}},"efbSmsE7OQTgoo7+xavEG+3ZShiC8JYcFDYb5/2J/Kg=":{"valueMac":{"type":"Buffer","data":"3nCiixizffSndfGAB1l0FYvPosMAY+Re9EKE7VRT+wA="}},"fOZIjoiZP127yf/eOxFv+ZmeUMa1AuP5tOvZmc5xLgc=":{"valueMac":{"type":"Buffer","data":"zIQL8qGJZFZWiL5wd025cW27pJnDrvTRSrIOiJ4AL1k="}},"hbYjwZXLWO+kuzLYfMjZqlIVcMDwfjb1jVvGGRh6shI=":{"valueMac":{"type":"Buffer","data":"+OBnIlI9mukXuLdUmZ9D437NRhYi2dhDD9LG4QJQGNA="}},"qHlRS9ckZgsp04O0/utQdg2xcv8Ae63QzCabjhJ5YpA=":{"valueMac":{"type":"Buffer","data":"lKIkkFTXRfADFojg9ndLgBB1gbTU3ClCH6Q5o7neMlg="}},"sOrRW9jkVcjSS+HxHCI7PjQbfZXLcYh66rSNBJ8p77M=":{"valueMac":{"type":"Buffer","data":"Sxa81MIUJ0sbw01NB235i+HR/EdYMEm/vGm4sC3Bp3U="}},"wtBjFwdKVqEGUSqmua5iIqnc7FSh+qGWLB11I2lxNgI=":{"valueMac":{"type":"Buffer","data":"IDgRqxSaQw5+5D2wO+z3KdUUtPfyCziYswVcFJIaApA="}},"0sAY3ZAcFD1DENRoKokv5BqspS3oznBGxPpdB/QsQuk=":{"valueMac":{"type":"Buffer","data":"S5m1qGWgrjHIQclk+XbG7JzLi9Gd7S3wd8uRez5mVWs="}},"142UGRSYeCuo16M8NK4Jzl3Aj2X5ulXQbd5pyJM8x/I=":{"valueMac":{"type":"Buffer","data":"qlcVb+V9GQoOozkMX3WMS+Ow0krBSBlAxHI2PVghr8Y="}},"190FDYqxls+vDElfIYKs2GRdSfyBMLd6amjhLgXO81E=":{"valueMac":{"type":"Buffer","data":"mjOo+XRGf3aedtLveKv/uVIAuxc9RXt2Ai9GzmD1Tug="}},"3tTgBye8Y6jE2wWUuNaI8OA/sbAkB9LvGkppM515VhM=":{"valueMac":{"type":"Buffer","data":"SM0ip+98PJxID94IF8S5T/9ABDAjKC5lPXAxcdjqu4M="}},"/jQah6Qtqg346beo9diQa+TEkJG7LDVnFPE8NYwkBTs=":{"valueMac":{"type":"Buffer","data":"rSg9bZ8Z01J/NAKjN3cyVtaFz+vWOY2hdb9MwqJfLOA="}}}}