{"version":5,"hash":{"type":"Buffer","data":"vTPIKVxCbNGDZdKaYaAn05OdNSaqYsE0V2cH6mxeGJgq4hclzetngu65Lb7vZTXxjrGzk+AKh/Y4qb50IUj7cIw4VSrvTiSukvWSNqVvOLKN9Av88TG9nD7a6S8sKhVmz/m2f1WdoJ4q5Rj39L9b/geumfLKHLw3Y+FMdfla3LU="},"indexValueMap":{"AA6iLUuT7ZeurXCsV3w/1M2aVe5Hak8J4M1YCtws2/o=":{"valueMac":{"type":"Buffer","data":"OPJCP21a7MAWf+UN9qJPfzDRUu5mBGTgIusqvizVyqQ="}},"ACEQAYvJ3FJF3tYP6IIjWKb5aqyEnoNlQ7xYqJdUaaw=":{"valueMac":{"type":"Buffer","data":"B5OiYIOjIhq4vDVEi9UM7RcYUQo1AUPDznz0k6qiarw="}},"AMF1MZpcNwrYm7LVJrR5WmkennEvnuZ3TQaaDBxGCyY=":{"valueMac":{"type":"Buffer","data":"N5qHYEktm6q0qMJdyydXKCyX/+JTGlu+Pwn5pIiJ0Ig="}},"Ahfva316V7ibH6n1OrNBuk9x09nM5liBD6RB5IQpBG8=":{"valueMac":{"type":"Buffer","data":"x7j/I1AXBJhpHuSWujL9AdEetPbBuE/DG47o4nzTdms="}},"AuP1t5KeTSsKKTNPgVGOBcsAx3SvzCPbI2FiGkvwwIg=":{"valueMac":{"type":"Buffer","data":"+SFq5nT/uQtQg+us7lf4YfmM0U9TjZeRtSMIz7+zb4k="}},"AukcftotoK9VPdJ72DpXAzuKfVTbNIr73zjiuppa/BM=":{"valueMac":{"type":"Buffer","data":"YgOk4tmzd0HaIG7i22EHJh643g13y07unBa2inuiqBU="}},"BYJceT8IfeCRGudPdZNQxwZL0IrHrt8CMLiMNi9ASow=":{"valueMac":{"type":"Buffer","data":"Vkhm49nmFfq4klyk50PuETqoK+eow/Avah8NAnRpvwk="}},"Bh/SyoaAc2Sp1795sQ98B8+9oWHi+hghvt+Bid2kDAg=":{"valueMac":{"type":"Buffer","data":"iJ7khj4vE/b0yl1/mANtcwODk3dnES7PX3eZ4/g7vIw="}},"BvJvU0wEM6Tz7b0JinUuChU4YCgjZe6yI2t5EMUH1YQ=":{"valueMac":{"type":"Buffer","data":"34h1JcM+Cde3hHqfP9HYuFdZIqkCmvRaw7AHH3EeqTs="}},"CAP0bFGAftF0qSVqHoKG9oHwS0h5O+XVjPE/K1FIfD4=":{"valueMac":{"type":"Buffer","data":"JjcjuzbOXAZduH8Z73na9E54+4dc9PacIU2d52HcMv8="}},"CRrUJeLpdQt3aeFFK+f2r1INbfHZ5qoC5inzdmTT5Wk=":{"valueMac":{"type":"Buffer","data":"jIyVzhUg1iQeCPleILfjuFa6FFXYsRvY90vo48TIyoQ="}},"ClJmVIJKs+nmGbdZdLuUZfUrHZpvCoDMKNuFMts6Jc0=":{"valueMac":{"type":"Buffer","data":"5ZiDDaUxTfa0IIk0/zl2esaZdWsjnYWti2+zBTuAaiE="}},"EFs/zy/okD1h9xcd9Bg1Wc+/ss3Zy6Kixj6A2rQy+qk=":{"valueMac":{"type":"Buffer","data":"U6PRmSePJXfaRMOPNEZVhfWc85G8F6M2UrnEkMa9C2o="}},"EF/uhS4WRo0FxxJv5KCIxNbPVn+xeeJwqJf1tqA9KEg=":{"valueMac":{"type":"Buffer","data":"x+6es4uL3+livZrOSPgAsRIZF2aqUDwLeoddan7qR/M="}},"EH5cZRIbmlkCTrIsS9i82nXoGlPwiSTgOGhZuf72Jok=":{"valueMac":{"type":"Buffer","data":"Bx0iHAHfPb03ikh3iLuVF6C586o93DM2YD/E0ovGaLw="}},"Edash9dTNtKwXimi+ucuiikZBN4mu7jVWf96kZvmE6w=":{"valueMac":{"type":"Buffer","data":"4NvNadq1AVR7hrejyYJ3bSZ3FjXNg1zCtW0UXXEYgtc="}},"EhlvFQryIIIg8iz+l2mo6J75sYYReR8OcOINVon1Z7U=":{"valueMac":{"type":"Buffer","data":"hC4Z6TvNDQurvX8zaZLIZG7HU7vHUdAt7Yh6njdMtjM="}},"EjN2UvDIXt/THi6VwQjYchVhx8dk+A3BGp+u2XWbmvI=":{"valueMac":{"type":"Buffer","data":"nHUaTiNm5XEwYXf3Ly+157X39pMpAD0asNXAXp/TTso="}},"Es86A0OI+9tdsSzgG5B8ZW2e/q5NSWJJvVyjjDs++E0=":{"valueMac":{"type":"Buffer","data":"rct6sxOehdc43uA9daYOvmFM1aWCEAZCCkcHB/Bv9WE="}},"Eu8qPUOflE13trJVAa6tQ+am8ik8G4/Zmb14ffDYtlY=":{"valueMac":{"type":"Buffer","data":"kvyE+tzRmgBJUsx8ZMKhZRZ5/wFyaeJyz39fcDpjPQY="}},"E+7x5/YKETqYfrnffMgm9HECPBkSBGyBLw9G6aodGMg=":{"valueMac":{"type":"Buffer","data":"ujeQXVfUBvCaBIGGZwY0YSO3xy199CiNa9ORhBrnbe4="}},"E/+NJB3/NROE/FGQ5U3/QJmb2LwG3KkwAg0udl1HwXs=":{"valueMac":{"type":"Buffer","data":"O41m+3/tM/SvK+1Jx6QukO75IQwL3lg5AmomSWQMF3I="}},"FNwkV08v0Rqkyh0+NLU4duU5MuElCcw4+hECB/g6dmY=":{"valueMac":{"type":"Buffer","data":"tc4TeMrpyEe4rZs+SWtbJK8WIUUiB5Zrve7xH1xTQ1c="}},"FQNPxo85w4uoWmb5AASZtnZc+gDIIzteW8xbthLPnWY=":{"valueMac":{"type":"Buffer","data":"2Mi+oCgJysmsGwbl/Pz8K6l3E/rUhGvslnxbYobFoXg="}},"Fn8g4biXRJzn7TzZSkuVMh+SNpBW2G1S+p16tUrDd60=":{"valueMac":{"type":"Buffer","data":"NF8p+5Gx3YP+CULD+43akFyGc0cKpNxs5UHIt6QnhqM="}},"GI0I+vd1qeKwvHDn5Zc3oE6BtJmJIqj9bDHZoD+nMbQ=":{"valueMac":{"type":"Buffer","data":"+oaC84x0GCiC3cgIOvnPd5yPg1zQOvd+zDlaaeAnIwQ="}},"GQXeJKB/Q+pirEDGbeY5fjXh/liMdyLPNHC90xuyFjI=":{"valueMac":{"type":"Buffer","data":"kJDWS1nn5KCfGIVM52BvkxsdwY1Qqo5lgK7ujHgee5c="}},"GR7Nd0gd48jGvPtYsLaID8IuV5tW0GBMjT+wJRR8pcE=":{"valueMac":{"type":"Buffer","data":"7uVVW/nWj+22a9cA7LGMjs9O2tzdljhgkVN6g+uqNjw="}},"GwHLQIMbVi6Z55aXOoqsY713s23QE9X7n/P4NjSbvMg=":{"valueMac":{"type":"Buffer","data":"PKB6K2Dx7QcKnFDBw56NJvWmCqFb+pKJpncxXxWLT4k="}},"Hmq1pt5qmC/m79StSKPX7zmylhqGC88G4cW0SUEwafQ=":{"valueMac":{"type":"Buffer","data":"Gbug5AHRwg1lp5YrY4h1VVm3KATtLdcF1vWBeI/mS6k="}},"IBCtEKx0k1a4omxPpvDqhcGygCjjKB+8gxoQf0kEb5I=":{"valueMac":{"type":"Buffer","data":"pdnMEJiUAZh1nl90AhyUm6/HdCmSd7lcnaG7aehGFmY="}},"IK4nz2p4Yr3LkJDXU5fWJBdw77JYFX6GThKi2ALQ6Os=":{"valueMac":{"type":"Buffer","data":"k1mfpba4grwtj436RJ05Ohsi64CoHZElj6+NGbq1vOs="}},"IMWyGqyomJdC1lVpn0y7HIz5FMhqjPKzWwG4giUOGJc=":{"valueMac":{"type":"Buffer","data":"WUn2MzY1VcTVdHTFzon11IneqVhbmSGLlz8qYEJ9t+c="}},"IOhIkNue4/75bMQEZIz/z54GkL7ABrsuh6KZxUMtv04=":{"valueMac":{"type":"Buffer","data":"JXzNTMq8fWL6dc+9A6rV84NO7e/YYd15o15tvkndCk8="}},"Ia3FZtv3ZcKRCTojhbPmqY7AMn1BUZ93ngTepkf1qgg=":{"valueMac":{"type":"Buffer","data":"EU/NQhqt0TGamRm/gVgKpI2qc1jE62bh4IZMtOsnaMI="}},"IlKO2ZoLEG8UuZlrT67voBOXZBZfffvguYnHoPMoEV0=":{"valueMac":{"type":"Buffer","data":"NoWpcizRPJRIuuj+Xi4pNPFLVgmHLpiI1eBJZCf0mwE="}},"It68y/9WabeUHUuccbgSCQYbh0HXqfBgFHeVHDFlPXQ=":{"valueMac":{"type":"Buffer","data":"ii1P6me4EikwLHW6CJQMd+qtkmhGw29RAYsPSaC3qHw="}},"I1asWK1EU+pbD/s1VwpG9t0YyCJA3o5TMmjR0OEUzeI=":{"valueMac":{"type":"Buffer","data":"S7aswrXYoOTffbftZl3Op5Du/g8UU+vCu0pwM+6sqTs="}},"I61x55WDV9wuljLSxWa+M7e5hIKVPeNfxhn5wXeCTDU=":{"valueMac":{"type":"Buffer","data":"L/4hT05s7NxlK1/PbkW1wEH5O9amjjynUYLaYQG2IRo="}},"I8OUROIaM/jImKAizosM4TpytPXSP2LdkgWZhjq0Wyw=":{"valueMac":{"type":"Buffer","data":"0iG1dYz637TGFSLwfjhqNc26S7UTrONqlKCEsWnMQsc="}},"JXM0WBKwgn7pQKvkxpEaEAuB0SjZHXm/q7REG4iwqgE=":{"valueMac":{"type":"Buffer","data":"t66rS1nXAJKFDI19niEXESixVepj2OlEM/piPJdtYjA="}},"JZXTjYnHp6yOmTbgwOCgzyxOuue2Ax9C+Cjztowkgm4=":{"valueMac":{"type":"Buffer","data":"aj0pFYqNNbwlzl6u5RDSuVeW+qtbxGfYAscC9iYo96o="}},"JhfyKB2vpIg+negsdLJwMi6HVcUhwoCbzEzbLTf6LSw=":{"valueMac":{"type":"Buffer","data":"HE02ahf06/osXdyQWtaXpjmXzERe4OMYRaZDIbLr4yI="}},"JkKh3mhkPnrPgp2m/iYsv0y4x5sC/xS3IFEgNVpfWdY=":{"valueMac":{"type":"Buffer","data":"Hfhlw4ee7aFa57FPZJ0XVYwcTGVutE5kmgavG2fAKsY="}},"JleylJIXcgNKXb5ZrCvOwilOTRtNdl0bXhWkI46Zzbw=":{"valueMac":{"type":"Buffer","data":"5YIF2Y3m3Y54jI2p3lYd0t/D1UsfNC6ORMViVwoscYc="}},"J0t+zGXwUvGHWO4QvJLehBAkkWXhymtRU27YFK5f3IM=":{"valueMac":{"type":"Buffer","data":"zqDaW3sk+7zJAr4AWbeeacAltKS5WSp9eLtarNkbB0k="}},"J+6Avgz1SCy3MBDnusWKEZ3pFMNK7rE1h4Hstv3N+Tc=":{"valueMac":{"type":"Buffer","data":"DEqSIeb6jwz+XtASsNoP0GK6PPhE2K2vQDEb70gi0GU="}},"KISztJDqDCbWV+C4znVwI+2tMtpsLcrUWhAnxGIyHgg=":{"valueMac":{"type":"Buffer","data":"ZDSp1R9LFhahgiNEeJOhJANlK5rntB09yDI02WatAUY="}},"KRydvSiJ2NXgrAecAA/aCPibURCb0liyXdTv2Cfd/aI=":{"valueMac":{"type":"Buffer","data":"fUrQ2eCML+FDQdg1Y1knHnN1macS07XByM01xf4lWKE="}},"KlQapLAJWvNAW3ad4cWtOInTy/187DIPgHGKCglonxc=":{"valueMac":{"type":"Buffer","data":"xrrDV9n+i5AFtTL6Uuu/oDDVLiV9wnJDDm0IQfHw5rI="}},"KrUGMe51rmmXdHKTBq8Xf7KVksphIlcGkmg4LmzCaV4=":{"valueMac":{"type":"Buffer","data":"2ik4CJ8H3pFhtBY++yGmaznbvGG1s7F2F0iG8ps+Dw4="}},"KtpU7R+wGj0tutOVzuZ/cATJh8cvWSXPx5C02TL36kk=":{"valueMac":{"type":"Buffer","data":"iq8TAqbPLp4IQgv/jh+mDfTXHPRL9qdhhkueOrc6hwc="}},"K4X67/iOz+SKdPqxsduXMeVqrXfq/oG3KiITmVMBlYM=":{"valueMac":{"type":"Buffer","data":"z4lORCqYZ87Xlbr1xPv8LG8I+BQW+dqKs16Fh9YBoTo="}},"K8EUegsDvf0lmzifEFC/s06caV3yVb+RQQLDKBFOO94=":{"valueMac":{"type":"Buffer","data":"TfFo0fRf8ugBpiyIbCkiTXhVhhV51QnLTnlPSeusmqw="}},"LSybtAfCDGsjYqA/vahS0qmydFHqsv+6CqsIE3VB4sY=":{"valueMac":{"type":"Buffer","data":"hOOMjCB+98W5iVjECR4CDJAkbpF9SULXFrXOxVTxJZg="}},"LaizYk2CfWkaIK7PjJJvUaIyAB1ZQNqnq1h19udKspU=":{"valueMac":{"type":"Buffer","data":"3R+Fyj0uCKnHKvg+Xaunp11HAxQU2unRl/0702GaKdE="}},"L0ZuogXB7y7CBUMOSdzsUAofCMkdVY+kQhg//r8A/Rk=":{"valueMac":{"type":"Buffer","data":"sTtC7DmRu17xG0zQ116BvTTF6K5wFAnM8221q/rca3c="}},"L2KgiIu/6NtiWjD9AeJh0UEoLDFGPxRZBczlcT/Skx4=":{"valueMac":{"type":"Buffer","data":"zfhg7uC4bz2jy3a8kGd9MZWSQPym2WMqhPuX91ef9Os="}},"L5HUK9T1kd0mON/R50MOX6kS6+WVOrq0OhWiT9RN2ok=":{"valueMac":{"type":"Buffer","data":"I3Hx/nQVVXU8Zta0pEJtOeLXKuwh2CJ/MRcKX0Sy4Kg="}},"L7RA0HBaDNtX9/bWlPd+UOf7jdAsltowsRR+x4hTH4I=":{"valueMac":{"type":"Buffer","data":"BCekEzFf9uMI7Z03mgvySc5F/M4pnzWHlyZLAdPUvS4="}},"L+7jdUo/r0rHjmo5SLj+BbQCuegfzjLHlGQ67PUTloA=":{"valueMac":{"type":"Buffer","data":"R+z4n3T6e7PpJRluuyfAuJShLLKBx1tfO9jUl8yDvbw="}},"MLfBkgEe2I9Wu962Bpbw9uzSStzZfbH/b0h14pBkmis=":{"valueMac":{"type":"Buffer","data":"Iu68tTj937HafK46HQXdL6hxZEw8fNs0+CnxwSgqESM="}},"MWSOBvULrLkB9ju8o42WtnMPWRhQkOcxUa3Tmrf3gko=":{"valueMac":{"type":"Buffer","data":"kn3JhERXYCpAZDzzeJ2T43OBr4cWf3MQqU5UlTRTlU4="}},"MX5fCMSfckKodViRElEpxiE9dJ8anEaYxhyj7LYVtyg=":{"valueMac":{"type":"Buffer","data":"DexbfjZqP9kc2Y4acDe5kiiJetYqJSXCaOHAAouM2Qc="}},"MaxWAdx32Pkh6zi4fKCuGncTW3H5aMVaLd8zokAiKko=":{"valueMac":{"type":"Buffer","data":"XfmBFUA69PR3RxtXoWil15DelFqW7lseEnGhPbRfJmc="}},"MbABFpWZs8bi9I4SvqL5RP5J7fBOiBGDPKupYxZr1SE=":{"valueMac":{"type":"Buffer","data":"2lclcD2XFVi1Vd9H3XzqVALiiugdOMrynbBliHgpoJo="}},"MqHT0it3uqD424KveRBwH3yle1CPZ97k8i/y/PgnUJc=":{"valueMac":{"type":"Buffer","data":"sW9j9ducr7zDFtZl8TZrbR/az575+xQwrROCiAqcWB4="}},"M72bvJw23ohweSfqAnQYf8/gQpCwWtD3F0tawLjpP9w=":{"valueMac":{"type":"Buffer","data":"ecOl3eoc0JRwzkk5rUtHAaAcPxkyQd5ZTMkp14sgbdE="}},"NI10b7xV3qBzgwc8Xc2Ux/PlhGldGqS5XXZpTwnhEuY=":{"valueMac":{"type":"Buffer","data":"5NU+eIUyZ6jwRUCX6vqOAx6V5KME7RVniFATmOvqtTo="}},"OVfW+fGNOUY7amG9X7A98bWyqqbATCNnTFWSF1Ck+eg=":{"valueMac":{"type":"Buffer","data":"X48WOscRKzO5XbeQvMu99XTdlLZyYqsuItmFTcCdRi4="}},"OolzMinl0gpes0aLdCxljtMn3fvoLa/88SYpxQId4p0=":{"valueMac":{"type":"Buffer","data":"lVxix1MvKpOxAVf3+mt8vex+wT17YFp4Fd40e4QWO2o="}},"OpUGCnYyCihGe7Jl3AtoIy/5+/hJZ1zpTHdBft7RBUg=":{"valueMac":{"type":"Buffer","data":"tDW6+yn0TcMzlZX2g9trr0gATaWzal3LEwLufpsddvg="}},"PpBA4flDFWvtFUwDqdgT86VebAMk+777edTfoGXWzwY=":{"valueMac":{"type":"Buffer","data":"XEMUG9edanfGnOi3m4/C76ATdv0jL9SsHhou/uJgHnM="}},"P4FodNoxw+uB7b1hkfQe5o6c+cGyAvDpevrRgfauZMo=":{"valueMac":{"type":"Buffer","data":"vhaXG2b2AC3RG4rOXB0RxRgsNIBrlODVifnRnfbuzyM="}},"P/lFix1FQMGFuq5UfpZCqCfYlhQlUdltfN7R1xRpXek=":{"valueMac":{"type":"Buffer","data":"uSUj6izPSXfXoyyPe2NyajHCny+eNH7hbEz98MDndlw="}},"QbuPPfwMjWaE73jkDulcS/omNqfJ6OVgVlO5DTSxGnQ=":{"valueMac":{"type":"Buffer","data":"HFSSHT538i2ayt89o9lmg8pOIw5k/3b8RAVQVS5U4Sw="}},"QkZF1YO+zUY3BYZ/BJIe1fXNEbqx5tPD2x6VS3tf8Zk=":{"valueMac":{"type":"Buffer","data":"YEC+YLWSdZUTorkBYJJfuzqZXe3bvrzs5KVBo02V56k="}},"QnKlUMrFCLyyRvX/DfUy2U8vg0U0xgFlt6OrZmnfnAY=":{"valueMac":{"type":"Buffer","data":"R0JCkZBoff55Okoc6xhXM9ugAeK9WjFpAthXMyfFRAw="}},"RMIvrP3Rue/HBaFAhhC8xx8zdIFT5hdoQppZF2V6Dgw=":{"valueMac":{"type":"Buffer","data":"BHvEt5w+aEUJ9CAsEmd4eZRL7bvgVw4ehmZ3RKiqX88="}},"Rka6ron+BLhhyw1SjHUgh5Z0udv96/wrqvaRKKVfQ4w=":{"valueMac":{"type":"Buffer","data":"nER3d2MSirTcf9AjM+4vaLMg2jSyiKokCxyZ63yI8KU="}},"RtNp4sk8hoDu6wFXUkCEtiekOFJAHay8qB2P9moUea4=":{"valueMac":{"type":"Buffer","data":"bDnk4nzfDfsl/RKub5cVUHinfS1g1TTGnlBuTKWS/l8="}},"RzJEUWqZP3yrA5BuJfPyIZsQJrXF0WHTteQABhdToDE=":{"valueMac":{"type":"Buffer","data":"JOZcZkU2IW4LX3zTsz2Vk/pX3H1huoDlELIVAI3qMu4="}},"R3jrXfIvO/0qIQQhXJoWFUJC5KvPLp9IsNM4nmQjyJM=":{"valueMac":{"type":"Buffer","data":"z5HUTbJ8GvlQPI4LZnukmLS52NrYWyVdBAbeHCLpSfg="}},"R8BITKQzmxR4Mo2OSVxngZMHyEWAz8GQybSFKIH54Ss=":{"valueMac":{"type":"Buffer","data":"g9fbo/XIUHzwAwEipLTpO783hz4yXBRfDT6RMhh5z1A="}},"SSWncz1aZ+rqrziIlnv/DooxbLSZQ1ZsKenRxyXo0qw=":{"valueMac":{"type":"Buffer","data":"iHBcEtkxrKMTNDAymYOdiQVlZxNEnopaaLRCLIdP4Ug="}},"Sb0fq5Od7PGMgn2J8BhCtZI2VArMnF5xV4IG5FTFtuo=":{"valueMac":{"type":"Buffer","data":"ZOnBbWw6KczBMlYLUZv8qVg49zze8LGAyJ8kvr0eOCQ="}},"SlcVZihkVYMbCM3BpQdOxon57e2hvYRV+jD+OTkVWjk=":{"valueMac":{"type":"Buffer","data":"DY+rdEGU5DerSJh9PiV4fWT3OS3yozV2jHhYu4PQQiw="}},"SyUqJxGJ2DZYQxaHC6kyVA6XKTHEiEze1v5fIADm0/M=":{"valueMac":{"type":"Buffer","data":"/o80kw+JsKVa0gIZ5UG+hXdkF5QegU447RxHJADVXfc="}},"TGk9Yki9c5zsiT/p5x9UhFVTU4XYZTj5qCYfw8E4PZs=":{"valueMac":{"type":"Buffer","data":"JWXw4FX7XhYaUb8ViphrJFhzSnqjoaBtRVaEp5dljlI="}},"TJI3+k+PqltpmUBWjNv3sQQ/B7+O51+ZLi06FuN4beM=":{"valueMac":{"type":"Buffer","data":"DTZjkgnAzxiY64Aml9+WX2AIGFM+PJ9TMYtaRz1I/hg="}},"TNDzFafM58rtXQ6Ve2UX91/yZBb8etbJdcz7+QqfZd4=":{"valueMac":{"type":"Buffer","data":"jsfhzH4DjMdJ6kigqGsHgQadEpIWO4cdueruSBcY43A="}},"TTrCZHjQFh1mgfOUsp3OCrYnUPuDKP1y9k/zWMGOCio=":{"valueMac":{"type":"Buffer","data":"+5URpIupAB8YOFlrESSXYMHvt3EOV6xSAyaKlWxGSXo="}},"TeYf7n7WyWgZDuL0C99cWiXbs1wX180JjS/saS28+Po=":{"valueMac":{"type":"Buffer","data":"C4edqAsqECVP29pK/iOugOeyT7dtdqKUUKHSMAQCc0A="}},"TfllLI3B3O9sWIjgyuQnRJOH2K+Zm3YWXChuThip1fE=":{"valueMac":{"type":"Buffer","data":"kWhruXOL2JWNx0yhBPBMXTDQao+TLLyGmWdPScKKKKQ="}},"TsbrqEcSxlyupQllmOc32O102WQe/0867ECkoUvYf/Y=":{"valueMac":{"type":"Buffer","data":"bz/hDVOUfaJ6JD8s3duG0p1hq83hBzn9xk1odrbiLSA="}},"Tyt5H8QNMghpmS2BpWVtjn7fN1tr3CBw3Ha918nhAB8=":{"valueMac":{"type":"Buffer","data":"pSatFYnpTibUSK+EKSvtWdoGczhaei0VK92/yvZzkxQ="}},"UIEuMWm+NOsZWYpltDjcm+z21slH2bI2Kac3JeMqU9M=":{"valueMac":{"type":"Buffer","data":"pClyUlwZOUNAefitjjua+YCijBEoBr5dtOiY7v+RUag="}},"UVm2F3PRtyEw7kpQfDIgu2dzz0SFtcP2YOJ8s9xFYr4=":{"valueMac":{"type":"Buffer","data":"4eKsOXdv9mLD20qm7NfLm4Fzgo2Bw+P/SCd7JMnG09k="}},"UeByuuhA3t7J3dV38frG7zKEPuyESSKbdhw+cWerpng=":{"valueMac":{"type":"Buffer","data":"CFzo5e8zKuv7ljhH0u9eiZyXv+3Ubdf1wUSi8IwA2Uk="}},"Uf0nEUdrblFb78aX8aE2g03zHNjF1yF4J7Tz7PgltxE=":{"valueMac":{"type":"Buffer","data":"tz8WTUUBltC/cyd2zzDBHLvBQ6vEXMsk8or5ib7lpR4="}},"Uk9dvwb1r1XhjGqpRzD5vBUxxrpXqxc8OPUI7hoN5/s=":{"valueMac":{"type":"Buffer","data":"/3ccyUFtl1hDj0E83k5AQiIsGXi6M/9oJ0og0xU6w3g="}},"Uy2VdeZdhNpxi/P+3ZflS+PKE4k8PV6gwhQZZEc1GKA=":{"valueMac":{"type":"Buffer","data":"Vxr8j0nQGsS/yxgumWGQumtH6OY8gi8/L6Il3V6BTss="}},"U1n7MNpE4oAxllhOu8mdBokkFHZm1TLhmwCaD9PL0cg=":{"valueMac":{"type":"Buffer","data":"W/E0UBMtY8XWa64rqN4dUz8nwOapCn17cLq/vah/llM="}},"U7ZdM8xpt1bUZjG5104DpErwV11CY8ZK3wZvEyacUvI=":{"valueMac":{"type":"Buffer","data":"PGoTtIUaAqtZwte7WehSkHyvTJdVav/0p9urirkRROE="}},"U/ZytzA9U2K7R4ZNscI5kbRtHXSv8F0pjYLY1X48org=":{"valueMac":{"type":"Buffer","data":"LES/IzOy2Ux/auL/gvM6HWi8YaAzZFRNCfgorDXqDZc="}},"VsH/GY6cyT9IX9CK0XIHZ88o2lboBkBiCZdIuNhUUSs=":{"valueMac":{"type":"Buffer","data":"PwUKtAkMGOHDM0ilLx4nosRtU7FPoI0GLreWH9JM88A="}},"Vv08V3VB2LzBd1/rmKYkb03KD0lnktUsI3JfVtFT5LU=":{"valueMac":{"type":"Buffer","data":"xk6/uimDSfJi/YTKJHD42JI5m6sNyYplRZ3Y7gACMJM="}},"WOruu1z4LyEDRnMrUoICNdep42u/SJbQ7cx+tBPTkF8=":{"valueMac":{"type":"Buffer","data":"j4NQ2MeYy5BpVEjN0Jy0+hPTtg1gNw0vsuJcn+YQjSM="}},"WhPRUwhq/U/EJLWlDcjiM9hbBKFfgjg87lpnMsd7fMc=":{"valueMac":{"type":"Buffer","data":"H0uoRNwpRBEq0R6If87duouVTYNeHdKhSHJpnMewTWM="}},"WxmZMTpHU989luQVSOjmeXKN9cOSP9XWww1BniPg4yg=":{"valueMac":{"type":"Buffer","data":"+xjJCNGmmdRUrJJu7w8GOr6Jz5DC/vAffyQRktjeyIQ="}},"YGZC/A3Nbf5Ztd/VNtw9b2xJWDb1z1SRLmvY7DKVkmg=":{"valueMac":{"type":"Buffer","data":"mFeu/NbKbDrPXEZgMHGk39NE2c0URqHecKiR/UUj6UU="}},"YIzP2VH4GHI5kAZV4hCFEPMtNkamRevJ0CiD3DZXgwQ=":{"valueMac":{"type":"Buffer","data":"X5fh2v3mp/9XNAVHwvOPpK380C80beDxdPLwwqu4iBA="}},"YQc2YP7QSeku3jSFnDo4tC2YtxUtCecR/A8wkc1Eph4=":{"valueMac":{"type":"Buffer","data":"hJzdbaciJ5XIqPhdb5MJXZ6IkM3afBjRyfOHDlThbR0="}},"Yg8+ts7B9yG4Wh8ahZKI9fn+v9+YVF2ee2q2n1C1NZQ=":{"valueMac":{"type":"Buffer","data":"jrCeRoRBtpIhcwVnydgy9CR/uKCjRT461QP8JFW+Avo="}},"YhGBwEOMCsDyv/qVHsJ2vvgt/uqtOO6SwFQxH1thYP4=":{"valueMac":{"type":"Buffer","data":"AaDHO691PE/8qQ8Tk9ZrFQ4O7vG1JuyPH3Ln77zt55c="}},"Y2r+RRqBYaxiih1WOuHJ6Amfs2SGI9eVxyT7uxEJGlk=":{"valueMac":{"type":"Buffer","data":"zlDjchpJwL5xe6b9WHrV2sh3Nj5m3CgwuyFYvhKR2OM="}},"ZAw6sVHoSkDF+uMdFH+2+/gzobh/BkA/oFeLi/TpjnE=":{"valueMac":{"type":"Buffer","data":"KcxQVBtIvAME5CnjEOz3OzvXfDzuKq20DOQkP0W5lgY="}},"ZH5x3p04IHZlHEFKL+r39c81x9KTFrFMQh8fEzYlO90=":{"valueMac":{"type":"Buffer","data":"bCrE81LZ3/yjxE3hvBBvzL1ZiX1upu03fXBZP/q4HIQ="}},"ZNVFjJAhi10tpqmPsmcbSurJRBpJBdFfTrWiG7oT/hM=":{"valueMac":{"type":"Buffer","data":"No/wpu/xAA7n4IGXi7kkvhF+/EOXaFPy1j/v/FoPNPA="}},"ZXRrlcw4mIcmaXtWAmgwpYFVgIOr+uy7aPEuYA0j+SM=":{"valueMac":{"type":"Buffer","data":"FVJuLgdqe3liHAMpT1BVLJkNfG4QQk3/cdEr46fYMMY="}},"ZZ07xuBKAfs2CviLkRglRcb8vwidLsi4n7/bhY2r/DE=":{"valueMac":{"type":"Buffer","data":"QNQ7h3DV4C2VsmhyGBb+MKipd3Mb/kPDZYFsWHiD2UE="}},"ZiNkZIGmMJi2Ux2fUG4QeA2EmadobunCVcN06wFjL2g=":{"valueMac":{"type":"Buffer","data":"3JeM8fkivpbln0ABkS9qDmnq21bDd4SD13fR/LjQIhQ="}},"aNIEL+77CG0auprM4bafsKYxXLWVS6B/yqydr4R3Wz8=":{"valueMac":{"type":"Buffer","data":"l5u3EyOIn4nz2P+0uchv8oxVO5EYO1Gzjeu+fhbr09s="}},"anuKXjmt62hy6j/oaoLqbBc3BQTmiswxnCjgBpHTgbM=":{"valueMac":{"type":"Buffer","data":"g+y3bjP5v/8sdbAzTjPv+/KEn0TkjLlxMFeMQWBnMKA="}},"a4r05Ej+h9nSAGJL/tQKNK8SF8eAdZy6t4UXBs1bXag=":{"valueMac":{"type":"Buffer","data":"lyst9LMfYOPqiNaAdDTuitS7igKzQHbX0mlMHs9nimM="}},"bHlQ333Rh6wU0O/HcdE69e1bh1lhsYwqYjbSmkymUzU=":{"valueMac":{"type":"Buffer","data":"DkkAa5fzdzfrvuEJ7b+JiBHRR8O0fjFWmeZVMKP0AL4="}},"bbHhA/fFvKFz/gwBl3bJbSpRzt1eIiBCCVS7Ak89X6E=":{"valueMac":{"type":"Buffer","data":"TWN9SIvVTgAM8l/cILbnxKCfaA3Dg5rH7g1m4TR97PU="}},"bfFsIzkCNNJhWtcMHoP55usTvUADw3rlALL7Aa8/52Q=":{"valueMac":{"type":"Buffer","data":"YjocxUm05C58KsfhIJhD0/GBdAJMKfPs630zteuY4WA="}},"bjifV1+eenbkj16NnrgKMAhox0PDKZT3LrOOV6u3isY=":{"valueMac":{"type":"Buffer","data":"StivDpxoYFB9G+DbAznShNS1k3K0EcUcPe6lKT6ShpM="}},"byPe8QzkkP00FTebPod/FdrOZH4Z4p+hZDqe6kUJJjk=":{"valueMac":{"type":"Buffer","data":"k9SjOixnyoyD5xmRSHNDOf0NPJhRvNL9RquO272aC+Y="}},"cC4g4h3eKWiOh3Ow2ZAnP0gh2FfGpERslUuwMh80iJ0=":{"valueMac":{"type":"Buffer","data":"w1s3CduZLknZRnVcfjDr8Lq0PAOzDG2DFZbEq7D9vys="}},"cMI5TqIUTpmB2YnnGFVKnuB70ys342ktResoh3uILzc=":{"valueMac":{"type":"Buffer","data":"iuEMOtHnM3yvin4r/BVAeYl2CI3+VLUSsNGhYrEqqVk="}},"cbKSKzXFm2LKpMBgGMT9+S6zY3+gRwn8SC0oTvaMYxo=":{"valueMac":{"type":"Buffer","data":"JDNShNZx/kqvba+tsTHpiTGtEXn4SFaA+cdudXAd70Y="}},"cq530K+n4s89jkZGPBHoi+3XkDYCRCWmScT6iZCDNjE=":{"valueMac":{"type":"Buffer","data":"TeL4F43azGAsXh+ylWrEpVi+PjNZRSC818x8ux9sfn8="}},"c/GIQ8Z0QlQ1fVo8EWKLK9AKfcdbIAZB+dYbssOgnwA=":{"valueMac":{"type":"Buffer","data":"hJWH3nCkhqvpo3kiF1L8dc4iy3ZpFXmpEGiK6uy4/vY="}},"dIefkHaPdBlMfGQMRvhePfDT5Mc6w2wCce2D0dMvDEo=":{"valueMac":{"type":"Buffer","data":"jXTofmW4lJ7P07Vi+TUivperZzV3gtG1UTUwwEinw9o="}},"dtGVYrzB4yg+KjN1pFA5xOLkNjiBWGMl/QPSO2TcPp0=":{"valueMac":{"type":"Buffer","data":"JRJtgqjlZiI+0Sakqk0rFJ+sGuk88QBG8umpyns6XjM="}},"dtt8HEdCTcNGV7QBvuCJVDZe4aljrJPyjVjgX5Ep8uU=":{"valueMac":{"type":"Buffer","data":"+eV5Nfa+35a+gUz4fx0+AfmDZL7tNOb7i/LurHGBuws="}},"eg4cFCTKY+kbFsmKucMnkcooxvDrGwqV8MZBIopAzyQ=":{"valueMac":{"type":"Buffer","data":"SHNeinRkDpNnh9nmYDEivsoG9nCk76UMy8SQO3uRFZM="}},"fD8Bx3sW4FhOSzaNCi6VHKmfc+YgBTO2TiOyu5tYfDo=":{"valueMac":{"type":"Buffer","data":"vlSZMxF3cJSUK6mW1IjS/nBnWiCeMfIxx+z/HmTI+ic="}},"fQKtST0PEqtD5QrB2p01TcMvVhGzacsfdDNRZTevZHg=":{"valueMac":{"type":"Buffer","data":"/PK+d/Jc9HzVCKqqvNH9ARWfmWdTlHBAlkf961Zt1ck="}},"fogtKen8djpm2f6yhxUitY3C2pCD41tJveJNx72Id8E=":{"valueMac":{"type":"Buffer","data":"iS7iQ7cTa0mK82EFnkI45JaYhlGC3WvtvIC4jLRmkI8="}},"fpEBNE16oyV6e0SZ+tbz9TWWlH6Ka480U2ZFTV/9EBc=":{"valueMac":{"type":"Buffer","data":"bklbESSBWAdIxG2vc9qXkaf8s71IbHWuKcHmb5IRNDQ="}},"fwxQc3aTsJ7sv4ILkvjdcd7O/LUVpIvJuDyM/JYEV54=":{"valueMac":{"type":"Buffer","data":"K3qfpNM0N8WVGhYsFGzFnc7RlTu3KA39zNTPxWf4dIY="}},"gBHd7U5sTlJypyuaQ/GoKN4zqs/Jo8CsT2bTjKT9AsM=":{"valueMac":{"type":"Buffer","data":"3lOnt8TfYYh8tuVEcWVcXsfg8f5YDZlocuSd5zFHjKs="}},"gE6WIvUw7MrigBvgEfOXY9o/fTlnqTrdBSkRC488O08=":{"valueMac":{"type":"Buffer","data":"Uv1eT1efNKLauiYv3Fn1SlVZCZrdLwJdxs8P/DUO0+8="}},"gMbUaFxF7KwQGSpN1X+F6bYIcWI3Gmi2lNchDXIDBrs=":{"valueMac":{"type":"Buffer","data":"N0rdzLJIOS24YrE6Pv1fzTxuBT8eNE6DZaUnVaz7fro="}},"gvDic9RQXAiul0H0hdQi/S0Pwc5n8B7gfm5KDF2/lTo=":{"valueMac":{"type":"Buffer","data":"RdPMbFtmwbNoKLATiu6KEiOFnsPvHkSeYHNsnF7au64="}},"hDpRP4/tV7JAIju+Yh6bFdTlHvbDaOKExrb1U9ouQDo=":{"valueMac":{"type":"Buffer","data":"TKPSaEZd8jwP9lfnQ5y4StXgCiHo5GtZ/zW5rC+ED2c="}},"hphP1UDjf8uqU6jk7nY/irNoTte5lO4zp29B2juYR6M=":{"valueMac":{"type":"Buffer","data":"CYhLZXV9n6mlmyrszDOV9md5csPr2Tzz7XPjy1C2GTY="}},"h8okHnst+yE1Rj32LcK02BALnb8mBhmBbEE64IRHEF4=":{"valueMac":{"type":"Buffer","data":"sEpIjLEaU1YerCCP7MEcSwCa6a173oN3/Gc/jVIHXjo="}},"jTP2akmdPaaN/HtB4/3YE9wsnpHVym1YF5sfyuvgp+M=":{"valueMac":{"type":"Buffer","data":"OPUywkp90GlkngC5tFyXs2QQxvFYThaAyE/hoj1x9KM="}},"jqJ6HFcdRrhTiYsSf+5Pvx+/66fbfkdwL4pe+EPRWPQ=":{"valueMac":{"type":"Buffer","data":"m3FV5LdOaxx8rBX+qvcA4NwOgc5gMiQsd4Zy2XKESsU="}},"jrUp3qqnk4pJAmvGNEcmqb7CmvAX/qIM52w+NXDzC+k=":{"valueMac":{"type":"Buffer","data":"ntlTYowejnN6UnGn4XjBh3zkcmXsLGXz0l/ZR91RRU8="}},"j6JB+U4+NZ8mj43dDIwrbymUvekaN2K8dXC9WobxM3s=":{"valueMac":{"type":"Buffer","data":"6OamEh5uu77Tbe1xFkgeV6j6d8jJqKcHKIsvsUWLHl0="}},"kSkW3m8nEIoBVT4k4PabOqx38ZfTHepv/ujLgGYTS+E=":{"valueMac":{"type":"Buffer","data":"afYgMM7FqYzisPt1T2KP9dCV26ArECGWkmWCYxyGT2A="}},"kf2hVU4J7srJ0mbTekuefTVsyhFGgM2PgCVp58URh9c=":{"valueMac":{"type":"Buffer","data":"ZPqndpFzpD0mgAmGNyrwuxhwSqVuc8WM0jDRu4W2Iew="}},"k9S/vrEvJiZPxPEaPu1a+NppWn2uuJ9JJG+UfOznw+U=":{"valueMac":{"type":"Buffer","data":"5KhFM8ImLw6ThydPorzs5J/QsmvZAxYvCsfIZ2DZR0c="}},"lBozqi0GRvXdTzTMGUkuGa+Rz+NlFmj6UwV6+DF3pSQ=":{"valueMac":{"type":"Buffer","data":"7pSN0hN0xmG3TVe2PX5xe8YPU2SxF5nfDU2ZhMJN4qc="}},"lVynlxnJfng7sV/Jj+P3aRggsJsa/nE8mCVwH0QZ21U=":{"valueMac":{"type":"Buffer","data":"qwEbs5nwbBYBRSmTXy+x1qH9CKnL/nvYY5EB5vje4Ms="}},"lu4AWXy+BC1/S74LA5em8v1E+kfTIpQsGPKaWRYCzJg=":{"valueMac":{"type":"Buffer","data":"gjUf9C6bD+GxVFjspekMwHCQ0SEo3hZk92ziWnALaU8="}},"njtrd1QcJXX7kRywAz2tbRAT0wnQmGzbL3OGFZHAQ1M=":{"valueMac":{"type":"Buffer","data":"MTnGiNGzj7fNfCOHqp6BZBHTeyxTZ3WWCTSHBKv6zvM="}},"oBmgdA+nOoZl9miaLEllL5dWXYKK0mGia2F1upuLv9I=":{"valueMac":{"type":"Buffer","data":"UoL1JnHA+KR2WXI6qz5Kl4FHjseVZ+vBq8TcJBn8yDw="}},"oWokyX+z9Wjhy3s6KBedeugLhnNkGbmIbGggvzwjJWE=":{"valueMac":{"type":"Buffer","data":"qtcoo9zL6gH8GF/dXVgO8vk+YgRuS+1PareHoN8xgEE="}},"og1Z/qPguLCeFXsLrKndibXLOtqT65zs1J8z9xPHqCU=":{"valueMac":{"type":"Buffer","data":"gbjrtJT9lSMEAasST6yBRbik5UvvcYNb3/lL48BGJQs="}},"o/Y+WzU0O0pac7x+Zn/XrOLempmg7QXbYkniwSG9XpA=":{"valueMac":{"type":"Buffer","data":"Var+boqcXaQAMXzsS9rRZqWUmA6rhIGKD5R/Vb6FVys="}},"pX0awrE3tvhZOn0gBjJ1x3NzIT6uW+JegJjkP5Yuw7U=":{"valueMac":{"type":"Buffer","data":"MkxkVkCaI0MU7IwZQ34VmuUqvQKoNGI/5Cq4+3NrHGk="}},"paYQYlUI87YpGB51iIOHKCk3IsD/YCZ6ncpygB0Nml0=":{"valueMac":{"type":"Buffer","data":"pL5ukZEj93fAn8sSL8y2Az1d7mtOrdpwQk5hutSum+s="}},"q0fJLhEmdQlGL7zTfQMvsSCPMVJ4M95LDI/soDWGo60=":{"valueMac":{"type":"Buffer","data":"35oThbzeIhaD8SaTI+/Lf3jC6Ml9KADcHKKylmTYqWY="}},"q36xrRqKg5/1Ml0hzXPlWdtMhil+Ix1n4hZdCKO3Se0=":{"valueMac":{"type":"Buffer","data":"UG9HqKxNhgd7yZoIPYE/U0Y4TvPMKLHM3k+K0RnL6AE="}},"rFLhKM/deRaTTKt+RzqFC3C32udldI3dTsWCnyOCH9k=":{"valueMac":{"type":"Buffer","data":"MyogrGRrvHFjOa53VHhGXRCtcSn+iWK0giXq7PTmLgQ="}},"rNfKBIX4nXG/1kAZKD8IgU7+GXaLokickiTen7gzaJk=":{"valueMac":{"type":"Buffer","data":"wkQoR4DS/8giRiUQLTiqAKiy3VWVDfGUgEzRs29fdr8="}},"rOPkQkHYkGIa2xNIdLLWvJrkpdvyKEaZMuyL6Fg27ws=":{"valueMac":{"type":"Buffer","data":"+IUeimXkMpVlccD6/jhnVHplb9oO/3t5okjFmCvcfXw="}},"rXGFnDiwY59++NZehDBYy7V3nWg1KDJ/HGFy2C1EWG4=":{"valueMac":{"type":"Buffer","data":"QfWtgXPFLyG+4+8zCVwXtasw8s5i3nftUlt9lta13R4="}},"rX9lUb6xn3y+cUFsCNl6W0oU4dTuFZqkj3AQifudITc=":{"valueMac":{"type":"Buffer","data":"nXrYR10ciqAB9DVKtmuWQVxeM5t3ViNYNclL9BaCKmc="}},"slDHgbwHvNs2vNBSJ2tfHTomx8fN5J+Gx61HS1RqU0k=":{"valueMac":{"type":"Buffer","data":"JyGGG5e0kfXC5NBKuMItO8mYlwcJr3uiOtZ8gptb9as="}},"sm+7+reogu9BVfmzPr1+B2JrkagEJqHmnYq8FmKtxF0=":{"valueMac":{"type":"Buffer","data":"89vjNZkZhYOtOcWQGdFLpAfMSV7TNFQ/1p3+E+RtYoM="}},"suuUWBiTQ/mfxSb/U0zXkKUev3a6a3blRBr3HqMwnus=":{"valueMac":{"type":"Buffer","data":"X7mnJ/roQ7mQcmGejF1r5HduwJcAuLUgxIho7v+8ttY="}},"tfUqbdkg4yZt7eWosBUjIl5lWKkUxkFXTPn5GXtr1Gs=":{"valueMac":{"type":"Buffer","data":"PjPGnbqQPeIGYVTV0ueMQfT6ppNpGjnupDVwPWDgnK0="}},"t8KS7UmDHba9kEkWTIvHC/6oic6IEA0/reOhbub0/qU=":{"valueMac":{"type":"Buffer","data":"FKZyNq5+y8KT+LXPPDbcR1Ea4A3e5xjJ8tq16aTD43A="}},"u5VCaXGDL3E6RbBWx8sX6jdAmebErf1vcWVsuPFsjIc=":{"valueMac":{"type":"Buffer","data":"Suw6mF1Qx1TvA9J5GxtiQAWcFBOB0sW11RGsaRF3PuM="}},"u+B40Qb0IZ0Plvx3xeOgdbZwnj8piAqLpLrqP1e0pv0=":{"valueMac":{"type":"Buffer","data":"3NQeRy5ebTITWgvi1155sba/Cx4yiTC5wj0Bj1lmBUY="}},"vIu3GLTAkim9YlJi8/oaDiP9CVcCE4chx2yCl75E9+E=":{"valueMac":{"type":"Buffer","data":"0bH5NXZUVDPSq3ifhJMlGZG51gy/x7kygb0syAbVJ5g="}},"vMqd+4PplujV8x+n5CQDTw+VBXk53aEnwIuqnZIqbkk=":{"valueMac":{"type":"Buffer","data":"Rgj5Zy3oJxiDgR8q0zdzFpFNK1I/MpWRju/M5BcSkHI="}},"vRrFkDecmBVLtjVyGF4JG7vr3FfmhsNQoC3ZHUtw19A=":{"valueMac":{"type":"Buffer","data":"KoNHMxMoztacmrNmvjdL0qrsJN0r7OFzdqguUQ1dKZA="}},"vpgpbk0kjpLLfX3v1/tZAFYrOeDy9rpIoXQKE/L/2/4=":{"valueMac":{"type":"Buffer","data":"68Pc+nR8HsglHUDy99wAu9WnTnNMlKadcVqydaimrOE="}},"vwdOo1CIzKVLQ+11NWlWY6JqEE1ZTaySaS6Ahrdmc3M=":{"valueMac":{"type":"Buffer","data":"4cqlJ52oHyDSgP6Sq7eWASKW3bFbiLtUKJJbHNziD3U="}},"vyYo8VTcLdXLwxzFptPYlQ330uQF8XtggTeoHKRoTcE=":{"valueMac":{"type":"Buffer","data":"HmgMGWSCmzSczHUmI9G6dtRmJs9gLiRA+s6HrCc47q8="}},"wZ10dhvBWh2Y/Pq7P0+6p4TYP55p2aS0cPWOdN3BWSI=":{"valueMac":{"type":"Buffer","data":"hceR2hE93r6ubmd5iu/BYdB9wMNZd9TRA7BzSth6XDQ="}},"wl0txlmHkreXqwRYscicoJ5Kt6hK+tmyJBSotEqsSfw=":{"valueMac":{"type":"Buffer","data":"VtPpSalsQDNH3xM3Qw94E8WBvjneZsDwPH2HrX+Ubv4="}},"w1JiyWuFcojIjaIGjTUhDQkpXjpo8yjfthmP0yBXEew=":{"valueMac":{"type":"Buffer","data":"d+0c8sV0uiFZdshXbFXRa/0JrhRd2rNK1EQ9zmE3Bt8="}},"w+zpCyMYFe2iaWasoyu4BRk3YmQmW2ea/daFzDbZCkg=":{"valueMac":{"type":"Buffer","data":"NH++yTVK2jwCkhc1mkS6gcsTYjXSsElg+isPi83jOy0="}},"xCxbWwqLAKIVPVq+lZRQx72MIBSdsUhFSAOfuwJeeH0=":{"valueMac":{"type":"Buffer","data":"Y1JH3IqYQ8kEgYq1AnThBc3LrfX3a8HHzuaEUIK8t3I="}},"x4OpINwlXpAmnQdP49LoRpp42dGg+6d1qMD6Furt/10=":{"valueMac":{"type":"Buffer","data":"mkmsESNXQ7fxkCOBW/JnKE3jwJmRwrc+Up2O0i7rgYQ="}},"yJy/VBzo1nYEoRrpQ9u2CAOHr5aLJn72jy76pvxp1Yg=":{"valueMac":{"type":"Buffer","data":"LvFXTms8ICWpbql8etqOlYC5R++XS67Ocy6GRWrYD2U="}},"yUSs9VqqUpPsX6O5mqMAIOrg1aE9uYj3AGWKNHO3HSg=":{"valueMac":{"type":"Buffer","data":"FwTj9Eb5udx/zvWsQ7tp4xsYsorSJZW4dhzX7IPwFjQ="}},"yhrkYivGeUMVX8rsAVzqdHULT0CPtrMNbLoxrpN+Lcg=":{"valueMac":{"type":"Buffer","data":"KCDx0QGAMdAD9MyMUs1K1/RxgOFVLGtb4Ba6pmWRmO8="}},"ysBZoBEEWGTzKuKrJ1hdY1LeLIchj04zAhMHm6jbQmc=":{"valueMac":{"type":"Buffer","data":"/uieCHTwoQeAbSX3Q4rwVwT4z2FmY+NMmYI2Od28CWM="}},"yw/Dwgl/GZ6bTn9xTxngk2/uYHJqtGIYbam/2yNUfms=":{"valueMac":{"type":"Buffer","data":"TISl13C+3sUwB/AaSoy0zQrDfHjU4sbtTvkSrhoALrw="}},"y8Kfo19sOi5edgcNPwoTJcXS+BaS0RqPkpyt5nEcjGE=":{"valueMac":{"type":"Buffer","data":"iYGRKiPneAWWtJrzs2YOztqfOGjyJO9ik7RQjMVxIzw="}},"zej5kA/ix7l280FxDpQucWI1icMYpb7H/2HaiTS5K9E=":{"valueMac":{"type":"Buffer","data":"s00cKjv2FFWIeeU4K8ooMsNsLU4yWZWYQqdKNlR8wsQ="}},"zmvpwbdK1ibxj8e/mdxzuvViVamj3F3kNA4YJnzb0Ho=":{"valueMac":{"type":"Buffer","data":"5kRkp4L70kzuB5TLXbIv/cdruEmKAAF01Wwak78D4GI="}},"0E0x6B01zDDHUUwRIvU0d6X9qEpMipjrd6fji8zNQsQ=":{"valueMac":{"type":"Buffer","data":"y678Ly1B7zWCvNn9m91isiVrHrHupkAgbTwDBb7RHQw="}},"0O4oyTSZe2COj7rcE18qHSskUKCGA2QRfA4VTwVfg9k=":{"valueMac":{"type":"Buffer","data":"BkjYBsN5SsUOM1iu4XcHiqBKeuSAFjV33YZQdmSPYzQ="}},"0byApsCXFm2BUmxRARguwzlFVeQlDcETVYlMVfiwTpk=":{"valueMac":{"type":"Buffer","data":"CDvfh0+DW3/UewxeBBWyHSkvwLuzTlv+eBIxH+p+zeE="}},"0dWbje/cPAiFAW8mHRHhmg6fekZPcMYgYYTjiLA69Lw=":{"valueMac":{"type":"Buffer","data":"/ALxLSpAeltfQWtf/Fj2p7taBJAVTa62y0Pvl4j4qpI="}},"0hbiyLfu3BDXaQF5pNJKrSVNgxUSJdoVCxC35iBLjMc=":{"valueMac":{"type":"Buffer","data":"4oeZov4J6gx2OtcSxXsn9oikB1Q9gjBnpvWl9FXKzqo="}},"0lb1v8RVl+/MZbKWR3s3xI98qeWokXJTouhl2oUwKxM=":{"valueMac":{"type":"Buffer","data":"5ZmN4QWmFj1sCmUcBJssj8nNl2xyogbqjOG4ckocejY="}},"1Gscd92Dl0a+oA5NeeZUnDBqfxk/iCSRhyGzqhW1LoE=":{"valueMac":{"type":"Buffer","data":"GO+7SSk3vsbI8+WHIMqdWM49cJisKj4xqxmUXH+X2nM="}},"1WfV3Xpl+LZTRaiUi58gXFMVJrjNLdqB0O74gV8cpks=":{"valueMac":{"type":"Buffer","data":"iC+J0nMO1d40N83EjyBa5SFqeBX35AFpuOVyIg1pCms="}},"10+GNkxzE+vUepqBh+Va49xHOhKDzNh84Dg1NFQge5s=":{"valueMac":{"type":"Buffer","data":"/D6IyEFx7TqnQZVbWT2yr4OuXkzNuVhP9//ocjIlKvA="}},"114hwSV6Rl0qDSGdw1NjvEG+Nnp/0qGFvQrxYYz9V3k=":{"valueMac":{"type":"Buffer","data":"wJmG8IamkJvHzWO/7LZczJp9IodySHYr8fQFdikYWG0="}},"14jf04u3b9OHB+psL81Ce7Yn7eL/NrICm2eJ7ch8/4I=":{"valueMac":{"type":"Buffer","data":"c/w9HDMIKDbUT2WXxMpFk5prwJ1DguCf940KpVYUFN0="}},"2GKU706cZOqo5WtvnAhUywLK25zkOD02nvRyTEz50p0=":{"valueMac":{"type":"Buffer","data":"82s+BJYaGLnaOvgyWThp6n8g+oea95iosxa7JSshaSE="}},"2Hp3+vXKtiHr+Kip5k/7/7e3WbwYsZicyLf2VNFIvkU=":{"valueMac":{"type":"Buffer","data":"sNqItRieX4agrUzc9kY3TdHlhQ5tmjpPXY4+5bj8NU4="}},"2vaFaSHSGtgijMrAhXKLBJuXH1lr3xKQm+MIphZVxmE=":{"valueMac":{"type":"Buffer","data":"6RVLNrk+ygHj9ZlqDJi1T7MBoVR+yjrZe5ImlqBgnrg="}},"3GKGtTRfJgDJzIUVkvCva4iJc6jkz7cjWFjA+aZaglI=":{"valueMac":{"type":"Buffer","data":"DEaovR5w2uica7V/kyJ0jEjhfnsoKiiJTQkirVABaJw="}},"36CGHKx3ahYzRJCCMXgXvUz3p4jVOicOa3eN7nNgXps=":{"valueMac":{"type":"Buffer","data":"wjXb8Q73CNafnVb9A3woLn3zfwlG6MuA+uCbJqIAzmo="}},"37g4+RKWkMyYFryKIbWaSjQzqW400RTmLokCor6ecww=":{"valueMac":{"type":"Buffer","data":"VDpSdQdX7aPnxhZPUp1FEWZ/1U997NSSVHXhGW0nrJc="}},"3784Jt/MsGouynVWvya6UXDAmEt//ae29xVTR/PTcJE=":{"valueMac":{"type":"Buffer","data":"6A4Yus3Q/i7ktVRNc7i8NFLhV1CU/KRKY1BAi4pwcBw="}},"4JyOtbCFExDR8AZDr96YGZ6XGr/y1Bc6u2/cG12RdkI=":{"valueMac":{"type":"Buffer","data":"yYNN0y5SelC2fSHWdj6rYLIIG/t5Rda13FSV2zVQP34="}},"4xMKPhj+eIAZ3sD0/bpmNXZW7EijRQDGR43injnhTz0=":{"valueMac":{"type":"Buffer","data":"lH42VqTE/qcYJCPgajVXA9ETD9pdKktq2Ag+1nYuvw4="}},"5GhhhIG1m3OiWZN03atrNhdsEo5M8dqCz7b4l5Kv7oA=":{"valueMac":{"type":"Buffer","data":"2UFEQTIsyz+xwcpCSN13V4L6/9YPJM8r9tiCLnVfUtM="}},"5K5RH8E6L2n1UjL0Quj21Ke9bV4b6QkcifN0WFT1DxA=":{"valueMac":{"type":"Buffer","data":"Uwozezi7UhkDHi+vkQpd/W9JwSz5GFtIOGIHkB3kNKQ="}},"5LVVPDIfkBteFBEZkO6MQ7bQ1DB6gey0ocyrvgmWZ6Q=":{"valueMac":{"type":"Buffer","data":"WH+fvS8eKOqba1NbF/0ScHpuMFfF9vGn7M7Rc4KCdb8="}},"5ej5fZpBF42AFCJVwSln8wC90yG4Eo/v2u7uGutIVGw=":{"valueMac":{"type":"Buffer","data":"6CsO5s/JP3J1UHvVtEWgieDaGpkNXLMkrjSSPRfCpHg="}},"5knVDSMYJggj+Uu4Hm320AHB6zgsiDjwCPJa6ESRp8k=":{"valueMac":{"type":"Buffer","data":"eamUNqZv3dgcziPCv1fAIKNaukzqdkwNCz0RKlJkITo="}},"5nSd+gya52RsXwII33xS94Sk9izgCeDgmP2MYHQJXjE=":{"valueMac":{"type":"Buffer","data":"PrssU3t+BGkSJl16bxIGv03XIy79FwUpemm/FKYnDNM="}},"6YclxD/k/QEdeyoqXV+y9zCa8S3Gsqwy6pHFcHVx6eo=":{"valueMac":{"type":"Buffer","data":"NuPsokzQWP+6Z813Pep+5c5f97XsjBWANphwqru+ENw="}},"7SXlKs2S0NBdAuN8xkqZn2eDIrB1l8CrIe8juCk9etA=":{"valueMac":{"type":"Buffer","data":"O2N4ByFTmDh/VTm5ooxEmUeqko1w4+XaEhDuY9XcNC0="}},"7csFO1N8Fdro9lmMnPyr2zIM6MV/Egt/gOlGJR6XPqI=":{"valueMac":{"type":"Buffer","data":"svCEmQfT18xp10atLQ7wbQDfEVVQ9Lk2tKyGXgWZNdY="}},"8P17p6Pdgqp6YIB7blcxWUzMKHJttilkzVE8c4c0xBE=":{"valueMac":{"type":"Buffer","data":"uFBbHb9WJeHQdvNQvY181v3DnnqYGYsIkl5VTByVpp0="}},"8Uu0YQM9eYJXCO9NS1ZJmksiVAdRXJvM8rs1OLcwrK0=":{"valueMac":{"type":"Buffer","data":"4WxqI2se2xUD8yGCvb7QYjPai7Zw+mQdVzBgT7jVWFQ="}},"8s6qw+3kHNVfy3yjadDTPwFDHSxOBYasBdL12OL7f2g=":{"valueMac":{"type":"Buffer","data":"nt3lfwNAfAD/RFQsChFinCgYcvxKDT8wRsEdxRsw564="}},"9Wlm+tOQK2LpO7RV49fbbPLwhgpq7Pkh3fDTLpAEGAY=":{"valueMac":{"type":"Buffer","data":"4zgb6Hk5b5ytzRWAypCl+ron1ciBqBbdERQq6azB8Oo="}},"9gwYqveR7st9okg9H6Y09n6xDpxVV6WWTQAU3tmvqrU=":{"valueMac":{"type":"Buffer","data":"QbcqAzMC4OgcVqLLcQZupzZME6xir265oNQA84FLoX8="}},"91wfyr6Lp3gvtgZNtNFTencyCZHq2xREH+AzHjS81/k=":{"valueMac":{"type":"Buffer","data":"JW+jGgpefifBPh2z2HNlKAQr+OLvN9iZ7PfN+yd6VgI="}},"9+wErUGCbjP3thOIVM2Nyp+nuMA7bJm2MbSYU+JhlJw=":{"valueMac":{"type":"Buffer","data":"1Gwc9cukqNpdmbwjZFT5+bRwKEdXK0TrI+juGTLtkzA="}},"+cykwm2rCHe3r044kOObgjPVtCMQp4ojQaDOBGou9Uo=":{"valueMac":{"type":"Buffer","data":"aJJ8NiLYqFozrkmK0GEXHoi0+eZc0O7m/ejQO7eGeuA="}},"/CziS4/sSgOYXuKFSrNwYcPc1MFH3XUbiGuT24OW4cI=":{"valueMac":{"type":"Buffer","data":"t2Y2VSxnxTkkGtz98RewSsnHB6Hy2szgVXWwtP6i4iY="}},"/aK59kG2esBmJg3jFPYdRg0zkF5kgcLEM4w1SIl1Cgw=":{"valueMac":{"type":"Buffer","data":"THCgHCFkCHlx6Es78mEGBYJ818lgOhDxkhyIrzxYy3Y="}},"/cLdCj8xZfCzwksHCXmj+goXq7Wppx998IX0a4EQP2c=":{"valueMac":{"type":"Buffer","data":"fYj1fSUjLNE/1y48tJtLQQmtW8KkcNXypm6gmpr6pwQ="}}}}