{"version":3,"hash":{"type":"Buffer","data":"U63il1I9ovK8Jl//avWsmKtSWRLCrn9+5nDZ/MnJEzbSUz5yj7YORakwCqysi1PCHlYMmWELlQZnF3qqX4xCyUOiNkgoOty8h2+4mzmYKE5o8KCVnj3OgUMB3vJKKlB8FLsDVOWYTlqPeMdn1GskmS3VisxZlAs3IENMludK8Kw="},"indexValueMap":{"AW6BojWrUA8mRM5+sycZr3PgQdHxNhNEvB4acDS98do=":{"valueMac":{"type":"Buffer","data":"gVSK4d1e67FOvhTmU1h4hqLMZsxoFE/SCySDXF7N49A="}},"EWpeg1mriS5ugHHYyAtt480bwp+xq7Y8/Zk0eOp4eec=":{"valueMac":{"type":"Buffer","data":"Tkj2P5J8gfcez0TNnv5jN9S5vQj4MMpkkjGxSlcYZ/8="}},"EnKAY/JpVLHlGvkzS3kNusxVBnlYdE0X2eONtfzA35Y=":{"valueMac":{"type":"Buffer","data":"vbYqRoAC/gaqnc/vtaGCAC+PyZihKdN/qU9oxK7zncI="}},"JWXUZV1KrAVuRSca99bcTk8pCk+vF3BydnKvtlFQh20=":{"valueMac":{"type":"Buffer","data":"iN88LLxSTE9AOKtXClcNj+0CQqsuP1HIWjDyjVGoLvA="}},"O0+ew/zvYgFwH4MqOkugtUW0y19lbt/1n+3cPC59ogc=":{"valueMac":{"type":"Buffer","data":"bPy5bSE2wvI12wlptCz+tzIGkbWdL33YmlyybUW6bV4="}},"SeFrgcg5UFrbfPa6Mbu5nreMWCSgWQ2Z/jWM2+EX0ws=":{"valueMac":{"type":"Buffer","data":"eUCw/KOn+oKKfGUTKHrHztNo2ZVjtxzP/If0uxwd7FE="}},"XgW+kmHcIznIolOrnE7jTLjzmkBeKUBuXqLtKuCeDu0=":{"valueMac":{"type":"Buffer","data":"Ji8HYcM4T+TUa56ZZd/FmzB10mNUd4u+4CjzHsMuaGs="}},"aL6bc4ZpyViKLxJROEHTeCft3xxdcsVR9GER12sEw2E=":{"valueMac":{"type":"Buffer","data":"rrWVP+3Ag2a7bFwpkwWY1BHWah0Isd895xfnQepsNII="}},"anUXqLUHzTu4Y89ZMIgUj0e4ecc29ZXoaWtiLJVkjIw=":{"valueMac":{"type":"Buffer","data":"se2To4y6q3qTta9hPy1FvVPwPYTd5I09mzkBDeNf1so="}},"fl6hMdZOyNCVdrQKB41xs3bgMJknBgO9pknxxZg/MXQ=":{"valueMac":{"type":"Buffer","data":"dds/2AnQYolNmNiAI/aTEItKCbiuKHMCSgX0KzBV1MA="}},"gavFyY82CNHOoM3jRCCByHqCoEoImbgwYRWNf/YqTiE=":{"valueMac":{"type":"Buffer","data":"8/X2EcdK8e23nuDyZUJ86Dk7rpwOqmzMVEfxyhg4Zvc="}},"iX2lDguxMjDs5mk1+6QS8s1p6+yr9eHZ+EC+9vLPoQY=":{"valueMac":{"type":"Buffer","data":"l0m3bBdEzbuCEl6GEXR24CrAZiW7HJTBSa/Zg8eJsL0="}},"kVlh8JFV8Sl4p/otvQ1p5mIWHxVVn5n2o23E6Qdaemc=":{"valueMac":{"type":"Buffer","data":"pI1BNkTHdWbF7Oz4JNucWjq3ax47n39DtpDHtVKGCow="}},"peaQgm44LXvUo5nPjvjYHvZ2DLMGxM5iCjmN19ubovU=":{"valueMac":{"type":"Buffer","data":"U4XXtRrJArfvGiXmeSi1HGmLGTo6/3etWW8ThBGV6Sk="}},"qZoEM6RE0cwBmwnti5hGAaDoI9PbWqWvO8MRzV5sRlg=":{"valueMac":{"type":"Buffer","data":"ji133kmuzmmMuP48H7lCzzYBAjLrNYfPdUUiAU7AGUM="}},"rKxzcW0nUvJAMFyK3kYodYnwnYFQcA6Ip6f3BFgwdtI=":{"valueMac":{"type":"Buffer","data":"g7mkgCEr/gvYU0NaYwworldUEx/TEahm6oERvsUIJ6g="}},"vrDu5ZNWu8jd2G6BrbW1uTFTjAx6s/+xdzoAiq92iFY=":{"valueMac":{"type":"Buffer","data":"MRLJ8LHPvppv5Ou4upFnJ+1CY6GJGFo1Gs/lChUU1tg="}},"00/nI+EyTUlM5DFftPkFh4dhFQSlaBHmCSB+7OYq090=":{"valueMac":{"type":"Buffer","data":"K21u6FX0Je4tR1KZolZjP+E4uF4y81k62vbNReT2S10="}},"05MkzNd1VhYz1NT9NZsB9zzNZ9YnpZLBvOTYVLjlnF4=":{"valueMac":{"type":"Buffer","data":"a5y/reAC3SiPRm8daihBYALLvs+mBtGELfVJc8/9WGI="}},"17NbOa2szP80q3jTP4MW2+FKpCcCr7isR+MHTln67Ms=":{"valueMac":{"type":"Buffer","data":"ywpJyUyCqu07DUPq+dVEVhIbtr2xsAJY4WTeZAht5Vk="}},"6QPKVEv22IYCpQsv++CnfbbuwRAdrbCFpFL4r+QrzkY=":{"valueMac":{"type":"Buffer","data":"4oEvPrDzp62kh0hcMoXJlHvgeEsg4OfD3JxiWnCgT0U="}}}}