{"version":4,"hash":{"type":"Buffer","data":"OH/KFDUXCCTSxPLMY4aWyX+qWb5WxpvjdzgTkGO8c/ta31gASTmmmjC2sWMBPbU11AR0h+tFxYRSC5Rd5jdGayrLDJZOIArOTCP/K/8Ec9QNLneh0UYzc554PgSFjCFWYz8RqjyIGz9yVn902cmqI+85uLyfF6xzkJBx535Kxjs="},"indexValueMap":{"Aj434lvZzxSOpg9Bpw6JBVKBIob5sPCfsUGTOL2UmsI=":{"valueMac":{"type":"Buffer","data":"LCl+aBCxh8xmATm8h9zQsRnRbrCuOLPzZ6UzcW221XU="}},"D+JNu/8H+diol06bATsXSeW24akRdd9jfvRDTh8ma/4=":{"valueMac":{"type":"Buffer","data":"LxxLlelaIv1foifvWYBWVB9NWdWdtGJHgOMY7tqbOHo="}},"Gp4co7jLezo5I7IERGvmyubIeIVrmoyTxH+rnu+f6Zc=":{"valueMac":{"type":"Buffer","data":"t+3ek7fliZ5dRxWkXGcOXX7LiC27EAWs7W2NTkmj0Aw="}},"HFRLhlocDyKAR+oYILvkSi3Dd/nj0FzDFnKcGRnRjN8=":{"valueMac":{"type":"Buffer","data":"QqapBsTNdPl/W7Keb9nvPvSOjMMwWkhW5y7MGq/xXN0="}},"HH3iq0TiUurk9WKt+1T42Ug5I6MgZz/9+9zNf8F5apk=":{"valueMac":{"type":"Buffer","data":"0VsRZ5mtopTHswT5M0EXiWW99/euX0lfGRPUS9lq/EU="}},"HXgSwdbu3u5WNrmsAD/rUzchyFv5CqWNKH0b0XMmjUU=":{"valueMac":{"type":"Buffer","data":"1wxWHzWdG8grJlPECjKmjnl52fzzx8WD5aIu2ZzGdTw="}},"H2YzFOWHURcaZWuClmWprdzwZTvnmVMbtSJHEazYhbA=":{"valueMac":{"type":"Buffer","data":"RXm6frGukhX/brv5BNexsQ8EBIjcMbhyY8Px/u+B43Y="}},"IQEkZJ09mYeueA+SfBlSLvX2wsmpziQWeZ28f0ubVxc=":{"valueMac":{"type":"Buffer","data":"5FxIX/1S4LNrVECzmOXHAnUhD4ELc6o2VrZXxRGqB2c="}},"J0jLnA7sBDQeZ7lMg3ecULN+nf8UEbO7AoR3cxth4TU=":{"valueMac":{"type":"Buffer","data":"IiPIV+hsQZlu/O5hBwSMZC8l20EW3W9xr4aZLYJ3zi4="}},"KQW2EFtu4J4xw0BgRZqIzxaoVie2nsRVRvlPji546NM=":{"valueMac":{"type":"Buffer","data":"4aNVekmvH2lJ78jbgt9rwextXEzQmRf7c8aJNvvo3lQ="}},"Kctr/GFXXIvy+v/fHMl9l3W5ZswQnnCS9XiBY37sQkM=":{"valueMac":{"type":"Buffer","data":"RQD7C8jmRn9su+kZ7+HF9V/FNM3SAtSbycgNcXGnaV8="}},"N4uDTXQo9876lKZaQqdwWFU5bqd3i0uZtO9otbXFNuY=":{"valueMac":{"type":"Buffer","data":"ZCSOpQfM+6MO0SW7ZzhZjNIm8l2mmAxyyESGwjAdghk="}},"PYGm0SLJZLWMoN9qCV+k75uxa++VXchD3rihYVCnYHY=":{"valueMac":{"type":"Buffer","data":"zaFxJ8xpMgSVVXaJOWcQVoA1rsgg7R/cPD1Rg3efvdY="}},"QFr3jBMQW0KcDFYHsxHmUWP2m1yxyAhqqT/ZUMa0Ph4=":{"valueMac":{"type":"Buffer","data":"3XteMG5edye0NP/sx6IGPoY2qe6mkMkutVTw9r5T1Iw="}},"Qy2mi7PDDbzvfyADITa0cs10uJykP744t6L0FhfChPc=":{"valueMac":{"type":"Buffer","data":"am82vBk8TmToQobZBhtgUR1T4DpyLao9DVUeODMpEys="}},"RucnT/2jgZoNEVlQ9hb+Qb6JAW22NZlbK8o379JERf0=":{"valueMac":{"type":"Buffer","data":"QkEl2gehKYPuCTZLmIV+xb+0MDTxEckHp1svz8a/rOQ="}},"TAzyHRDavbYqehi+tOLU1R2DSmdckP+U37CGPezg1xU=":{"valueMac":{"type":"Buffer","data":"yJQEh8n1UIm+sSryDxpgeJX5763CSs0l10cWIISNJVM="}},"TTa78o8SeLhEkD3yZecHlGAu+/DYNVa0u2Np3CMszTo=":{"valueMac":{"type":"Buffer","data":"vUH1HLSqYPxzl+hlgdrbGpXg6256vcvkoqiu/WHkum8="}},"UCvbFrqVhEQP05EW5lOnSqitDO9IJX37Uw8FAvijDHw=":{"valueMac":{"type":"Buffer","data":"9ys1ziJTTkivUptxv5cLSAp/QuC1KFNiceENXsO+o1k="}},"XyJl7k2kkGjgEegqEdhb1LBHvBZGgu/jwPrCtuLfZEA=":{"valueMac":{"type":"Buffer","data":"37Gyp9zzfPZobpRtiP8Loh5NKagyrpprFqbLUmG10j0="}},"Y7cIetbZnDxwdVFByRZNTai3ryQhfKtOOx+ssSx8yQ4=":{"valueMac":{"type":"Buffer","data":"AZOwnN3SJOgPzORbvQF4SBBF+6bKNcDhrP7BLk/ogfo="}},"Z4wjLN6MmCDwA3Cl0DEvlAZxpjRu3kJ4Q5qM3MtcBpw=":{"valueMac":{"type":"Buffer","data":"5VNc4neTpQi+/qHfKoreIT6zdK6m7rSUMGlRLp3khw8="}},"bKid4Rj6WoSuYJGmH5hZgznnbpuPNnGM1y1cTltTkRU=":{"valueMac":{"type":"Buffer","data":"VU01dNZdTLQq9Wgag2Azf3gPGFmS/hm83V3h3txRNpY="}},"cKRvUM1AlI14g5VjhWo9kYVPqUwZFy+hDlm9NmDCPz4=":{"valueMac":{"type":"Buffer","data":"OblvmevA8COIcwB7X7gfZcxFuPKTGLCV6fyDGBAsShU="}},"ccWxz81cOxzR+buiSD6uVVy5EpzVXog9c+cNZk2s6d4=":{"valueMac":{"type":"Buffer","data":"e/Fy5Fnb3shoYBs4Jmc+EnfFGebugYZiSEyNk+cV35o="}},"czQ/Mv3T0FZZaYm7lXIewCPp4WspXhvB0t97TNbB7B8=":{"valueMac":{"type":"Buffer","data":"FMMo1ZyqKEHpHqZjNUm69lGaltJTObNoJfjSTBsa3XE="}},"deK90mTy7VFn0zgb4nEtG+nfu3bn+IzejFDhwzm6ktk=":{"valueMac":{"type":"Buffer","data":"zvoU0UUZGoARuWASZHkpgq68xnNWLBB/C13QkktWbjg="}},"fQMZtJ0fGOr/mRiR7ozZpGXgVbWqQwpt9JhLJDVZB2U=":{"valueMac":{"type":"Buffer","data":"heZBpXWiKwRNONotg4c7xCp3zykAvoa+15TyifBzRlc="}},"gNiM66frgJ1Z9u+ag+ABnHmlIULsXBnlH9QdbB0Wm7k=":{"valueMac":{"type":"Buffer","data":"y2x1l4NYxI6MkfHQMDwF1OHEYgGWSbcsChTNcNR6tG4="}},"k1auMdDEVI2IhOdk2yV87W9+QbXkp2ygeSyn7TsAPqQ=":{"valueMac":{"type":"Buffer","data":"1J0uvMCEKdaRU8kA02e6A+Hf+PlCQybjNw8gCVyWv30="}},"lZTuaSvP39EFQgKJVTT7BEPtlHD9ASqRg8fr9G0AR44=":{"valueMac":{"type":"Buffer","data":"tASvBOmYA8QRt7NaDyHw8EXHPWash5fA2HIULH0bzsU="}},"mIEdMuOqxy80235fK8UOZq2TASb/7rNRhgtgmXonvI0=":{"valueMac":{"type":"Buffer","data":"oVp7Oa9m3lv62hLM36PJwZhR5DuV4tNW/zefQ+O78Vk="}},"nzsl/VgpvkZ4y2NgOFJJ4pSdcNq6L6hFvdqocw1vN1k=":{"valueMac":{"type":"Buffer","data":"ecAqT/DSaUovU5ryhw8z0Efg0dfc8wjYKri21Eglt7I="}},"q8t6ITMkHYeppRhx1N7Gs6wYWPqN44K8nZ/U8G5ezOI=":{"valueMac":{"type":"Buffer","data":"8KmkbUbEPG0XOOnJFSUz4g7pEukuo2aV0Hd5DMuGK2k="}},"vZbObES514Q/fcRhhBT39sKAOsOF21yKnKozrJZX544=":{"valueMac":{"type":"Buffer","data":"cOgQsx5rRFtfSBak1MGL4tIuAj+mum6MH7nhQQnbVSo="}},"wGHxu5GUSBMajXMSFTKfuFqewJugzcSgNe9/hAJrQ24=":{"valueMac":{"type":"Buffer","data":"ssvJnrFUHynYpN2KVnQaBwwmNL7viDoC5MfedyhAwAQ="}},"weve+Uup+9EHW+ECA6SsEHZu08l3SbUyImoIfR0c+9Q=":{"valueMac":{"type":"Buffer","data":"lRIv5Y1AT8J0L12iCuUxJxQC1PVGOiJlaybUrmHGSus="}},"wygbiors4p4VkNwsngitJgoFk0Vs6fkLUaPu541FpMk=":{"valueMac":{"type":"Buffer","data":"Jaq47JoCxkPmsSHqlaWo+XVu8EZlcOOAyucmnWr+F64="}},"w/GriQkX3uYLV89kqD2mSLqpwLK0VaZUmsWLzeBfipo=":{"valueMac":{"type":"Buffer","data":"uIuQJclyppFc1QxvLjQTv6KNhkjyrKCGgKXx41P5F0c="}},"xUvgHeCKUvWFrzKexHFsFdcmmAUQQ5PMWL+oyd1ZRoI=":{"valueMac":{"type":"Buffer","data":"jnlEQcDKthV2on3DGwI1uIG0I7PbI/xNH082yl6trPg="}},"zqjRhErevhV6TLIlDksRJHWIfQYCJik/59sLn0Rln/g=":{"valueMac":{"type":"Buffer","data":"WcQsIxdrUDfmm6GeFwyFfSLvaKfz1Kf9BtsyW1Z9EM8="}},"0W3JLn7yZFqX/3Urz9DhW0So35ZKvB/VZfJgRR40jGc=":{"valueMac":{"type":"Buffer","data":"8TZHzffCP7xUzm0HS5fm4VNpZX+R160zfOiQGC2q2og="}},"0bzldhelAUIqz2HHhwU3u82vhxUCNO8zxpTaXKgxICc=":{"valueMac":{"type":"Buffer","data":"FeOXzeeAHW/NcnCemHrTw0dIbYpAoTNuA/2yxuEQHxU="}},"0gakg78tz+45WPNeCHkKt937pBs6BWkqH02Y0f2Y1Dk=":{"valueMac":{"type":"Buffer","data":"9trFezqIwGtLA7hbWSe9F+A388+a3cUIb6xfoE+l7ww="}},"3UdLvwr4+P39LlYfK8jBxDKI5HiAiHPBjo9wEHSiRJI=":{"valueMac":{"type":"Buffer","data":"LWhtGD8bRHWj8p/ChnuA+JA8DQc+Xa29lTeFByJPfDY="}},"4jsTUAgmhyO64oQJbjnKM/RwLZgjnVv2SjISwW9S1iU=":{"valueMac":{"type":"Buffer","data":"dnFHhA7K+2eAReWXlUGJs0tw35an1uIzP3R9Q/U99pY="}},"4/9IiskJRkoUq/eO84se+6GQEbceTUuADyhtaBg6xLw=":{"valueMac":{"type":"Buffer","data":"9uKw+9ifBOFLwpT0V/jh4RbhVNVbWr0TGvIuHVMAvQQ="}},"5m4zOdHD4HBss2n05MXsXnf8izMsz7COtcQqzX6Zfig=":{"valueMac":{"type":"Buffer","data":"mijfhyYcZ24NOgtFzD3/O0N6q4hzk9KJ+aRsHRHU3Nc="}},"8awtf8WGDQO1cixWV8NcI9zwFZ+mDnIKlflyf2TDNKE=":{"valueMac":{"type":"Buffer","data":"WNcnjeCcZ5Lp8woDPV37Zrw6YHeRbit7JIzwDLXYg7A="}},"9N5KmCOTeDq56mWbUQFlEZXY6lcef8wFsu/9KSWHip8=":{"valueMac":{"type":"Buffer","data":"dzSvUIGDSC7S/M6E12R14qPTz8pKVEq4o2PqxCkjiXU="}},"+SDaPcaKAggdA4Z6TbLDp2akKa1C42dIuBTGNkOBYC8=":{"valueMac":{"type":"Buffer","data":"6dWYMLwGcjpgN+12L8TCUWb5tJEqdJhZ1194cqanRQs="}},"+8lT0n2jFr/u+ql7ug5fCEmSMIa3EGctnBxAR5kKZcY=":{"valueMac":{"type":"Buffer","data":"Pqu5MSPB2MKuTo9/TXilshRtWkbk1z86ec3DBl+rFsI="}},"/BAgIzzlnz1YgUZ8T6J1uHxS6Bu11PhICPg2Ob3HYcM=":{"valueMac":{"type":"Buffer","data":"o3nx6tXQ0uGquTNMYTBQv3+/EN0RXofSGgYJP3R3cLw="}},"UCJH3nmaue5Jx7kDQQIXC1nTGT2o0Yc7L8bvZvbupZs=":{"valueMac":{"type":"Buffer","data":"OvsZB5ib5ZXRLFhIhGNN5vttQZimSYqCTsLYDtOZDF4="}}}}