{"noiseKey":{"private":{"type":"Buffer","data":"MITUvRE/r1OEntX1ybr8Yab6kb1CPhxFffwkpd687Hk="},"public":{"type":"Buffer","data":"/hwd8U5pEUBTOrPgokB7UU6p/841xap7N3Vnb+Qg+B0="}},"signedIdentityKey":{"private":{"type":"Buffer","data":"OEtxzcybEmkgC6T8Fc53BFAdUf5bpFJZg7lXaU1EEXI="},"public":{"type":"Buffer","data":"9wUVu1xRL0zdRUZrQerpdDlMWKuSx+EVuplzUtkt+yo="}},"signedPreKey":{"keyPair":{"private":{"type":"Buffer","data":"wKUJdIFWprX4feyiqetLZtWNYIZs1DZgT74tDUcNLXY="},"public":{"type":"Buffer","data":"3mzGg8ijCzgQx5RVLk658BMhJaGeGSZhksKDx3n06FQ="}},"signature":{"type":"Buffer","data":"c+TzLhl33PxkHONNo38FZeCSKXPtrLkeHsj6MANfaMuyNvxeVDj07iZKMQFNq66aICNE879ID0udjgbRzRiMiQ=="},"keyId":1},"registrationId":203,"advSecretKey":"HmqX+gHFVJaryGIBa/YpibmNLMbk3c8489aC5KayLPI=","processedHistoryMessages":[{"key":{"remoteJid":"6281347771171@s.whatsapp.net","fromMe":true,"id":"C3CAD0CFC609B63678FB1E8E0EFC7E5A"},"messageTimestamp":1688910025},{"key":{"remoteJid":"6281347771171@s.whatsapp.net","fromMe":true,"id":"FE877A2B345E9EB97B1E4E2F983EC143"},"messageTimestamp":1688910030},{"key":{"remoteJid":"6281347771171@s.whatsapp.net","fromMe":true,"id":"C94FD87B2DFBA4B4FC958976CAA79F60"},"messageTimestamp":1688910037}],"nextPreKeyId":31,"firstUnuploadedPreKeyId":31,"accountSyncCounter":1,"accountSettings":{"unarchiveChats":false},"account":{"details":"CIG9x2kQt/GqpQYYAg==","accountSignatureKey":"y6qSVYyZCnWEE8MFcOl+hvO/e1BvV8Uknv3s+3xdQh4=","accountSignature":"kGC/juYfYDlmCiUhyPTHPgHWm4QC56ZeiJvztWz3gaNFevT16dCuV3PeRq+YBZpXbepX2EIxnoPBOhqKAIdWDw==","deviceSignature":"asEcTr4cEUqg7PW8fuXB351c+m8sv/oVAk8A4CBnhXerbFruiZ0p5vlw+q3v4KEH5Wuy6P3Vbg2EuUb1oJSrhQ=="},"me":{"id":"6281347771171:3@s.whatsapp.net","name":"Sampah Market"},"signalIdentities":[{"identifier":{"name":"6281347771171:3@s.whatsapp.net","deviceId":0},"identifierKey":{"type":"Buffer","data":"BcuqklWMmQp1hBPDBXDpfobzv3tQb1fFJJ797Pt8XUIe"}}],"platform":"smba","lastAccountSyncTimestamp":1688910012,"myAppStateKeyId":"AAAAAPBl"}