{"_sessions":{"BbCGRP9aRSyZFPI5gbEUdt2uAmDn1TNwQYMKsX/hzIJV":{"registrationId":1728325531,"currentRatchet":{"ephemeralKeyPair":{"pubKey":"BT2mC5Y9nVKRn1ASbreK6HwFWnERNm0rj4pBWqfGNwIX","privKey":"2MZ6nmFv+Nbw1ceush/9DzGF06fSjG7vLu5XkcF1w20="},"lastRemoteEphemeralKey":"BRordNPXocpfJQ8CVjPMRYILvk+R77iBadtjYF/SBI0f","previousCounter":0,"rootKey":"awGa+3eAolIW8dA6zZ9cYIWPwi1bN+NlFEA3MibyEyU="},"indexInfo":{"baseKey":"BbCGRP9aRSyZFPI5gbEUdt2uAmDn1TNwQYMKsX/hzIJV","baseKeyType":1,"closed":-1,"used":1688910053437,"created":1688910053437,"remoteIdentityKey":"BRktB5g/ltiUE+sdWizcHoCAeDEVgaJ2/0KSsz7Grbl5"},"_chains":{"BT2mC5Y9nVKRn1ASbreK6HwFWnERNm0rj4pBWqfGNwIX":{"chainKey":{"counter":1,"key":"M3qlaM3G1zZBZBtw9N96RyQh5VWu+8QqiN5j3QINlBA="},"chainType":1,"messageKeys":{}}},"pendingPreKey":{"signedKeyId":22,"baseKey":"BbCGRP9aRSyZFPI5gbEUdt2uAmDn1TNwQYMKsX/hzIJV","preKeyId":6155122}}},"version":"v1"}