{"_sessions":{"BREqL1QjUH+fIuIKaj7q/g4sPOpV1wHdJlZD1ebSVPQf":{"registrationId":13854,"currentRatchet":{"ephemeralKeyPair":{"pubKey":"BTqfM8aC4Ku1uAS7+mPVgwQgDleV1JK4cmeHdPwuFTRt","privKey":"oPV2XOg3mgjOZNOvFofPX9rSi2rbwvgsWF+NAqk48WM="},"lastRemoteEphemeralKey":"Bag7FesiKg6TV4Kc2i7a86sgN4EuaWxepYlE2yEWeKED","previousCounter":0,"rootKey":"hblSz0nKHcljD/u6HYdM74VQCiVPwXPSFMwxSnjiQZ0="},"indexInfo":{"baseKey":"BREqL1QjUH+fIuIKaj7q/g4sPOpV1wHdJlZD1ebSVPQf","baseKeyType":1,"closed":-1,"used":1688910053435,"created":1688910053435,"remoteIdentityKey":"BW542iCfttf+XKNQfP+YZWU7zjhaNWHn7U6uSf7dy5g7"},"_chains":{"BTqfM8aC4Ku1uAS7+mPVgwQgDleV1JK4cmeHdPwuFTRt":{"chainKey":{"counter":1,"key":"rGR/EPRqdmpNjc/XwzqyeWp5iqpZLiEYVrT43u/weAw="},"chainType":1,"messageKeys":{}}},"pendingPreKey":{"signedKeyId":1,"baseKey":"BREqL1QjUH+fIuIKaj7q/g4sPOpV1wHdJlZD1ebSVPQf","preKeyId":200}}},"version":"v1"}