{"_sessions":{"Bfo8Q+6oftGJwuanTycQlMe8sTSg9SgedbJImDuwPaZB":{"registrationId":101224705,"currentRatchet":{"ephemeralKeyPair":{"pubKey":"BZbMJXEh6t4ciQwNHxcKIraEIwYIhOz0oYMNz+C9qlRf","privKey":"yEpVd3cJpbVi+uXjioWXCsPn7rc4JzXx1AGtQIVpeWE="},"lastRemoteEphemeralKey":"BVPbXSyIVolECGcgBbYnrT14jwXa4oThrE05jcI2DCJf","previousCounter":0,"rootKey":"RQXUHOTRV07Fphqttsbs31rwt7ImFiK/VSqC/8AlC8g="},"indexInfo":{"baseKey":"Bfo8Q+6oftGJwuanTycQlMe8sTSg9SgedbJImDuwPaZB","baseKeyType":2,"closed":-1,"used":1688910013767,"created":1688910013767,"remoteIdentityKey":"BcuqklWMmQp1hBPDBXDpfobzv3tQb1fFJJ797Pt8XUIe"},"_chains":{"BVPbXSyIVolECGcgBbYnrT14jwXa4oThrE05jcI2DCJf":{"chainKey":{"counter":6,"key":"9mPSBW95albMoPHYELSoeXfTW2VWIPzOIQDKUZOcewQ="},"chainType":2,"messageKeys":{}},"BZbMJXEh6t4ciQwNHxcKIraEIwYIhOz0oYMNz+C9qlRf":{"chainKey":{"counter":1,"key":"jZ8q3aES6larjizuSZZtz1At6qioFv2zyamfWbGg0LM="},"chainType":1,"messageKeys":{}}}}},"version":"v1"}